Workbook

Sheet Hesaplama Aracı
B2: Vana Seçim Aracı
B3: Adet | C3: Çap | D3: Vana Tipi | E3: Basınç Sınıfı(PN)
B4: 1 | C4: DN300 | D4: Sürgülü Vana | E4: PN10 | T4: Çap | U4: Kalınlık
L5: 1 | M5: DN40 | N5: Demontaj | O5: PN6 | R5: 4 | T5: DN15 | U5: 1.5 | W5: 21.3
B6: Conta Sayısı | C6: Delik Sayısı | D6: Vana Uzunluğu | L6: 2 | M6: DN50 | N6: Sürgülü Vana | O6: PN10 | R6: 6 | T6: DN15 | U6: 1.6 | W6: 25.4
B7: =B4*2 -> 2 | C7: {=INDEX(Vanalar!$A$1:$H$178,MATCH(1,(C4=Vanalar!$A:$A)*(D4=Vanalar!$B:$B)*(E4=Vanalar!$C:$C),0),6)} -> 12 | D7: {=INDEX(Vanalar!$A$1:$H$178,MATCH(1,($C$4=Vanalar!$A:$A)*($D$4=Vanalar!$B:$B)*($E$4=Vanalar!$C:$C),0),7)} -> 270 | L7: 3 | M7: DN65 | N7: Bıçaklı Vana | O7: PN16 | R7: 8 | T7: DN20 | U7: 2 | W7: 33.7
L8: 4 | M8: DN80 | N8: Wafer Kelebek Vana | R8: 10 | T8: DN25 | U8: 2.5 | W8: 42.4
B9: Civata Ölçüsü | C9: Civata Sayısı | D9: Somun Sayısı | E9: Pul Sayısı | L9: 5 | M9: DN100 | N9: Ağırlık Kollu Çekvalf | R9: 12 | T9: DN32 | U9: 2.6 | W9: 48.3
B10: {=INDEX(Vanalar!A1:H178,MATCH(1,(C4=Vanalar!A:A)*(D4=Vanalar!B:B)*(E4=Vanalar!C:C),0),8)} -> M20x120mm | C10: =IF(D4=N5,"0",C7*2*B4) -> 24 | D10: =IF(OR(D4=N7,D4=N11,D4=N5),C7*0,C7*2)*B4 -> 24 | E10: =IF(OR(D4=N7,D4=N11,D4=N5),C7*2,C7*2)*B4 -> 24 | L10: 6 | M10: DN125 | N10: Çalpara Çekvalf | R10: 14 | T10: DN40 | U10: 1.8 | W10: 60.3
L11: 7 | M11: DN150 | N11: Lug Kelebek Vana | R11: 16 | T11: DN50 | U11: 3 | W11: 76.1
L12: 8 | M12: DN200 | R12: 18 | T12: DN65 | U12: 2.7 | W12: 88.9
L13: 14 | M13: DN500 | R13: 33 | T13: DN250 | U13: 7.92 | W13: 323.9
L14: 15 | M14: DN600 | R14: 36 | T14: DN300 | U14: 9.52 | W14: 355.6
L15: 25
L16: 26
L17: 50

Sheet Paslanmaz Boru
A2: Çap | B2: Cins | C2: Dış Çap(ømm) | D2: Et Kalınlığı(mm) | E2: Ağırlık(kg/mt) | F2: Elektrot 2,5mm2 | G2: Elektrot 3,25mm2
A3: DN15 | B3: Boru | C3: 21.3 | D3: 1.5 | E3: 0.744 | F3: =_xlfn.CEILING.MATH(2*Tablo1[[#This Row],[Dış Çap(ømm)]]*3.14*Tablo1[[#This Row],[Et Kalınlığı(mm)]]*3/1000*7.85*1.4/20,1) -> 1 | G3: =_xlfn.CEILING.MATH(2*Tablo1[[#This Row],[Dış Çap(ømm)]]*3.14*Tablo1[[#This Row],[Et Kalınlığı(mm)]]*3/1000*7.85*1.4/35,1) -> 1
A4: DN15 | B4: Boru | C4: 21.3 | D4: 1.6 | E4: 0.789 | F4: =_xlfn.CEILING.MATH(2*Tablo1[[#This Row],[Dış Çap(ømm)]]*3.14*Tablo1[[#This Row],[Et Kalınlığı(mm)]]*3/1000*7.85*1.4/20,1) -> 1 | G4: =_xlfn.CEILING.MATH(2*Tablo1[[#This Row],[Dış Çap(ømm)]]*3.14*Tablo1[[#This Row],[Et Kalınlığı(mm)]]*3/1000*7.85*1.4/35,1) -> 1
A5: DN15 | B5: Boru | C5: 21.3 | D5: 2 | E5: 0.967 | F5: =_xlfn.CEILING.MATH(2*Tablo1[[#This Row],[Dış Çap(ømm)]]*3.14*Tablo1[[#This Row],[Et Kalınlığı(mm)]]*3/1000*7.85*1.4/20,1) -> 1 | G5: =_xlfn.CEILING.MATH(2*Tablo1[[#This Row],[Dış Çap(ømm)]]*3.14*Tablo1[[#This Row],[Et Kalınlığı(mm)]]*3/1000*7.85*1.4/35,1) -> 1
A6: DN15 | B6: Boru | C6: 21.3 | D6: 2.5 | E6: 1.177 | F6: =_xlfn.CEILING.MATH(2*Tablo1[[#This Row],[Dış Çap(ømm)]]*3.14*Tablo1[[#This Row],[Et Kalınlığı(mm)]]*3/1000*7.85*1.4/20,1) -> 1 | G6: =_xlfn.CEILING.MATH(2*Tablo1[[#This Row],[Dış Çap(ømm)]]*3.14*Tablo1[[#This Row],[Et Kalınlığı(mm)]]*3/1000*7.85*1.4/35,1) -> 1
A7: DN15 | B7: Boru | C7: 21.3 | D7: 2.5 | E7: 1.217 | F7: =_xlfn.CEILING.MATH(2*Tablo1[[#This Row],[Dış Çap(ømm)]]*3.14*Tablo1[[#This Row],[Et Kalınlığı(mm)]]*3/1000*7.85*1.4/20,1) -> 1 | G7: =_xlfn.CEILING.MATH(2*Tablo1[[#This Row],[Dış Çap(ømm)]]*3.14*Tablo1[[#This Row],[Et Kalınlığı(mm)]]*3/1000*7.85*1.4/35,1) -> 1
A8: DN15 | B8: Boru | C8: 21.3 | D8: 2.6 | E8: 1.375 | F8: =_xlfn.CEILING.MATH(2*Tablo1[[#This Row],[Dış Çap(ømm)]]*3.14*Tablo1[[#This Row],[Et Kalınlığı(mm)]]*3/1000*7.85*1.4/20,1) -> 1 | G8: =_xlfn.CEILING.MATH(2*Tablo1[[#This Row],[Dış Çap(ømm)]]*3.14*Tablo1[[#This Row],[Et Kalınlığı(mm)]]*3/1000*7.85*1.4/35,1) -> 1
A9: DN20 | B9: Boru | C9: 25.4 | D9: 1.5 | E9: 0.898 | F9: =_xlfn.CEILING.MATH(2*Tablo1[[#This Row],[Dış Çap(ømm)]]*3.14*Tablo1[[#This Row],[Et Kalınlığı(mm)]]*3/1000*7.85*1.4/20,1) -> 1 | G9: =_xlfn.CEILING.MATH(2*Tablo1[[#This Row],[Dış Çap(ømm)]]*3.14*Tablo1[[#This Row],[Et Kalınlığı(mm)]]*3/1000*7.85*1.4/35,1) -> 1
A10: DN20 | B10: Boru | C10: 25.4 | D10: 1.6 | E10: 0.981 | F10: =_xlfn.CEILING.MATH(2*Tablo1[[#This Row],[Dış Çap(ømm)]]*3.14*Tablo1[[#This Row],[Et Kalınlığı(mm)]]*3/1000*7.85*1.4/20,1) -> 1 | G10: =_xlfn.CEILING.MATH(2*Tablo1[[#This Row],[Dış Çap(ømm)]]*3.14*Tablo1[[#This Row],[Et Kalınlığı(mm)]]*3/1000*7.85*1.4/35,1) -> 1
A11: DN20 | B11: Boru | C11: 25.4 | D11: 1.8 | E11: 0.995 | F11: =_xlfn.CEILING.MATH(2*Tablo1[[#This Row],[Dış Çap(ømm)]]*3.14*Tablo1[[#This Row],[Et Kalınlığı(mm)]]*3/1000*7.85*1.4/20,1) -> 1 | G11: =_xlfn.CEILING.MATH(2*Tablo1[[#This Row],[Dış Çap(ømm)]]*3.14*Tablo1[[#This Row],[Et Kalınlığı(mm)]]*3/1000*7.85*1.4/35,1) -> 1
A12: DN20 | B12: Boru | C12: 25.4 | D12: 2 | E12: 1.172 | F12: =_xlfn.CEILING.MATH(2*Tablo1[[#This Row],[Dış Çap(ømm)]]*3.14*Tablo1[[#This Row],[Et Kalınlığı(mm)]]*3/1000*7.85*1.4/20,1) -> 1 | G12: =_xlfn.CEILING.MATH(2*Tablo1[[#This Row],[Dış Çap(ømm)]]*3.14*Tablo1[[#This Row],[Et Kalınlığı(mm)]]*3/1000*7.85*1.4/35,1) -> 1
A13: DN20 | B13: Boru | C13: 25.4 | D13: 3 | E13: 1.683 | F13: =_xlfn.CEILING.MATH(2*Tablo1[[#This Row],[Dış Çap(ømm)]]*3.14*Tablo1[[#This Row],[Et Kalınlığı(mm)]]*3/1000*7.85*1.4/20,1) -> 1 | G13: =_xlfn.CEILING.MATH(2*Tablo1[[#This Row],[Dış Çap(ømm)]]*3.14*Tablo1[[#This Row],[Et Kalınlığı(mm)]]*3/1000*7.85*1.4/35,1) -> 1
A14: DN25 | B14: Boru | C14: 33.7 | D14: 1.5 | E14: 1.209 | F14: =_xlfn.CEILING.MATH(2*Tablo1[[#This Row],[Dış Çap(ømm)]]*3.14*Tablo1[[#This Row],[Et Kalınlığı(mm)]]*3/1000*7.85*1.4/20,1) -> 1 | G14: =_xlfn.CEILING.MATH(2*Tablo1[[#This Row],[Dış Çap(ømm)]]*3.14*Tablo1[[#This Row],[Et Kalınlığı(mm)]]*3/1000*7.85*1.4/35,1) -> 1
... A95: DN1000 | B95: Boru | C95: 1016 | D95: 12.7 | E95: 322.102 | F95: =_xlfn.CEILING.MATH(2*Tablo1[[#This Row],[Dış Çap(ømm)]]*3.14*Tablo1[[#This Row],[Et Kalınlığı(mm)]]*3/1000*7.85*1.4/20,1) -> 134 | G95: =_xlfn.CEILING.MATH(2*Tablo1[[#This Row],[Dış Çap(ømm)]]*3.14*Tablo1[[#This Row],[Et Kalınlığı(mm)]]*3/1000*7.85*1.4/35,1) -> 77
A96: DN15 | B96: 90 Dirsek | C96: 21.3 | D96: 1.5 | E96: =Tablo1[[#This Row],[Dış Çap(ømm)]]/$C$140/$D$140*Tablo1[[#This Row],[Et Kalınlığı(mm)]] -> 0.13976378 | F96: =_xlfn.CEILING.MATH(2*Tablo1[[#This Row],[Dış Çap(ømm)]]*3.14*Tablo1[[#This Row],[Et Kalınlığı(mm)]]*3/1000*7.85*1.4/20,1) -> 1 | G96: =_xlfn.CEILING.MATH(2*Tablo1[[#This Row],[Dış Çap(ømm)]]*3.14*Tablo1[[#This Row],[Et Kalınlığı(mm)]]*3/1000*7.85*1.4/35,1) -> 1
A97: DN15 | B97: 90 Dirsek | C97: 21.3 | D97: 1.6 | E97: =Tablo1[[#This Row],[Dış Çap(ømm)]]/$C$140/$D$140*Tablo1[[#This Row],[Et Kalınlığı(mm)]] -> 0.14908136 | F97: =_xlfn.CEILING.MATH(2*Tablo1[[#This Row],[Dış Çap(ømm)]]*3.14*Tablo1[[#This Row],[Et Kalınlığı(mm)]]*3/1000*7.85*1.4/20,1) -> 1 | G97: =_xlfn.CEILING.MATH(2*Tablo1[[#This Row],[Dış Çap(ømm)]]*3.14*Tablo1[[#This Row],[Et Kalınlığı(mm)]]*3/1000*7.85*1.4/35,1) -> 1
A98: DN15 | B98: 90 Dirsek | C98: 21.3 | D98: 2 | E98: =Tablo1[[#This Row],[Dış Çap(ømm)]]/$C$140/$D$140*Tablo1[[#This Row],[Et Kalınlığı(mm)]] -> 0.18635171 | F98: =_xlfn.CEILING.MATH(2*Tablo1[[#This Row],[Dış Çap(ømm)]]*3.14*Tablo1[[#This Row],[Et Kalınlığı(mm)]]*3/1000*7.85*1.4/20,1) -> 1 | G98: =_xlfn.CEILING.MATH(2*Tablo1[[#This Row],[Dış Çap(ømm)]]*3.14*Tablo1[[#This Row],[Et Kalınlığı(mm)]]*3/1000*7.85*1.4/35,1) -> 1
A99: DN15 | B99: 90 Dirsek | C99: 21.3 | D99: 2.5 | E99: =Tablo1[[#This Row],[Dış Çap(ømm)]]/$C$140/$D$140*Tablo1[[#This Row],[Et Kalınlığı(mm)]] -> 0.23293963 | F99: =_xlfn.CEILING.MATH(2*Tablo1[[#This Row],[Dış Çap(ømm)]]*3.14*Tablo1[[#This Row],[Et Kalınlığı(mm)]]*3/1000*7.85*1.4/20,1) -> 1 | G99: =_xlfn.CEILING.MATH(2*Tablo1[[#This Row],[Dış Çap(ømm)]]*3.14*Tablo1[[#This Row],[Et Kalınlığı(mm)]]*3/1000*7.85*1.4/35,1) -> 1
A100: DN15 | B100: 90 Dirsek | C100: 21.3 | D100: 2.5 | E100: =Tablo1[[#This Row],[Dış Çap(ømm)]]/$C$140/$D$140*Tablo1[[#This Row],[Et Kalınlığı(mm)]] -> 0.23293963 | F100: =_xlfn.CEILING.MATH(2*Tablo1[[#This Row],[Dış Çap(ømm)]]*3.14*Tablo1[[#This Row],[Et Kalınlığı(mm)]]*3/1000*7.85*1.4/20,1) -> 1 | G100: =_xlfn.CEILING.MATH(2*Tablo1[[#This Row],[Dış Çap(ømm)]]*3.14*Tablo1[[#This Row],[Et Kalınlığı(mm)]]*3/1000*7.85*1.4/35,1) -> 1
A101: DN15 | B101: 90 Dirsek | C101: 21.3 | D101: 2.6 | E101: =Tablo1[[#This Row],[Dış Çap(ømm)]]/$C$140/$D$140*Tablo1[[#This Row],[Et Kalınlığı(mm)]] -> 0.24225722 | F101: =_xlfn.CEILING.MATH(2*Tablo1[[#This Row],[Dış Çap(ømm)]]*3.14*Tablo1[[#This Row],[Et Kalınlığı(mm)]]*3/1000*7.85*1.4/20,1) -> 1 | G101: =_xlfn.CEILING.MATH(2*Tablo1[[#This Row],[Dış Çap(ømm)]]*3.14*Tablo1[[#This Row],[Et Kalınlığı(mm)]]*3/1000*7.85*1.4/35,1) -> 1
A102: DN20 | B102: 90 Dirsek | C102: 25.4 | D102: 1.5 | E102: =Tablo1[[#This Row],[Dış Çap(ømm)]]/$C$140/$D$140*Tablo1[[#This Row],[Et Kalınlığı(mm)]] -> 0.16666667 | F102: =_xlfn.CEILING.MATH(2*Tablo1[[#This Row],[Dış Çap(ømm)]]*3.14*Tablo1[[#This Row],[Et Kalınlığı(mm)]]*3/1000*7.85*1.4/20,1) -> 1 | G102: =_xlfn.CEILING.MATH(2*Tablo1[[#This Row],[Dış Çap(ømm)]]*3.14*Tablo1[[#This Row],[Et Kalınlığı(mm)]]*3/1000*7.85*1.4/35,1) -> 1
A103: DN20 | B103: 90 Dirsek | C103: 25.4 | D103: 1.6 | E103: =Tablo1[[#This Row],[Dış Çap(ømm)]]/$C$140/$D$140*Tablo1[[#This Row],[Et Kalınlığı(mm)]] -> 0.17777778 | F103: =_xlfn.CEILING.MATH(2*Tablo1[[#This Row],[Dış Çap(ømm)]]*3.14*Tablo1[[#This Row],[Et Kalınlığı(mm)]]*3/1000*7.85*1.4/20,1) -> 1 | G103: =_xlfn.CEILING.MATH(2*Tablo1[[#This Row],[Dış Çap(ømm)]]*3.14*Tablo1[[#This Row],[Et Kalınlığı(mm)]]*3/1000*7.85*1.4/35,1) -> 1
A104: DN20 | B104: 90 Dirsek | C104: 25.4 | D104: 1.8 | E104: =Tablo1[[#This Row],[Dış Çap(ømm)]]/$C$140/$D$140*Tablo1[[#This Row],[Et Kalınlığı(mm)]] -> 0.2 | F104: =_xlfn.CEILING.MATH(2*Tablo1[[#This Row],[Dış Çap(ømm)]]*3.14*Tablo1[[#This Row],[Et Kalınlığı(mm)]]*3/1000*7.85*1.4/20,1) -> 1 | G104: =_xlfn.CEILING.MATH(2*Tablo1[[#This Row],[Dış Çap(ømm)]]*3.14*Tablo1[[#This Row],[Et Kalınlığı(mm)]]*3/1000*7.85*1.4/35,1) -> 1
A105: DN20 | B105: 90 Dirsek | C105: 25.4 | D105: 2 | E105: =Tablo1[[#This Row],[Dış Çap(ømm)]]/$C$140/$D$140*Tablo1[[#This Row],[Et Kalınlığı(mm)]] -> 0.22222222 | F105: =_xlfn.CEILING.MATH(2*Tablo1[[#This Row],[Dış Çap(ømm)]]*3.14*Tablo1[[#This Row],[Et Kalınlığı(mm)]]*3/1000*7.85*1.4/20,1) -> 1 | G105: =_xlfn.CEILING.MATH(2*Tablo1[[#This Row],[Dış Çap(ømm)]]*3.14*Tablo1[[#This Row],[Et Kalınlığı(mm)]]*3/1000*7.85*1.4/35,1) -> 1
A106: DN20 | B106: 90 Dirsek | C106: 25.4 | D106: 3 | E106: =Tablo1[[#This Row],[Dış Çap(ømm)]]/$C$140/$D$140*Tablo1[[#This Row],[Et Kalınlığı(mm)]] -> 0.33333333 | F106: =_xlfn.CEILING.MATH(2*Tablo1[[#This Row],[Dış Çap(ømm)]]*3.14*Tablo1[[#This Row],[Et Kalınlığı(mm)]]*3/1000*7.85*1.4/20,1) -> 1 | G106: =_xlfn.CEILING.MATH(2*Tablo1[[#This Row],[Dış Çap(ømm)]]*3.14*Tablo1[[#This Row],[Et Kalınlığı(mm)]]*3/1000*7.85*1.4/35,1) -> 1
A107: DN25 | B107: 90 Dirsek | C107: 33.7 | D107: 1.5 | E107: =Tablo1[[#This Row],[Dış Çap(ømm)]]/$C$140/$D$140*Tablo1[[#This Row],[Et Kalınlığı(mm)]] -> 0.22112861 | F107: =_xlfn.CEILING.MATH(2*Tablo1[[#This Row],[Dış Çap(ømm)]]*3.14*Tablo1[[#This Row],[Et Kalınlığı(mm)]]*3/1000*7.85*1.4/20,1) -> 1 | G107: =_xlfn.CEILING.MATH(2*Tablo1[[#This Row],[Dış Çap(ømm)]]*3.14*Tablo1[[#This Row],[Et Kalınlığı(mm)]]*3/1000*7.85*1.4/35,1) -> 1
... A139: DN80 | B139: 90 Dirsek | C139: 88.9 | D139: 4 | E139: =Tablo1[[#This Row],[Dış Çap(ømm)]]/$C$140/$D$140*Tablo1[[#This Row],[Et Kalınlığı(mm)]] -> 1.5555556 | F139: =_xlfn.CEILING.MATH(2*Tablo1[[#This Row],[Dış Çap(ømm)]]*3.14*Tablo1[[#This Row],[Et Kalınlığı(mm)]]*3/1000*7.85*1.4/20,1) -> 4 | G139: =_xlfn.CEILING.MATH(2*Tablo1[[#This Row],[Dış Çap(ømm)]]*3.14*Tablo1[[#This Row],[Et Kalınlığı(mm)]]*3/1000*7.85*1.4/35,1) -> 3
A140: DN100 | B140: 90 Dirsek | C140: 114.3 | D140: 2 | E140: 1.33 | F140: =_xlfn.CEILING.MATH(2*Tablo1[[#This Row],[Dış Çap(ømm)]]*3.14*Tablo1[[#This Row],[Et Kalınlığı(mm)]]*3/1000*7.85*1.4/20,1) -> 3 | G140: =_xlfn.CEILING.MATH(2*Tablo1[[#This Row],[Dış Çap(ømm)]]*3.14*Tablo1[[#This Row],[Et Kalınlığı(mm)]]*3/1000*7.85*1.4/35,1) -> 2
A141: DN100 | B141: 90 Dirsek | C141: 114.3 | D141: 2.6 | E141: =(Tablo1[[#This Row],[Dış Çap(ømm)]]/$C$140)/$D$140*$E$140*Tablo1[[#This Row],[Et Kalınlığı(mm)]] -> 1.729 | F141: =_xlfn.CEILING.MATH(2*Tablo1[[#This Row],[Dış Çap(ømm)]]*3.14*Tablo1[[#This Row],[Et Kalınlığı(mm)]]*3/1000*7.85*1.4/20,1) -> 4 | G141: =_xlfn.CEILING.MATH(2*Tablo1[[#This Row],[Dış Çap(ømm)]]*3.14*Tablo1[[#This Row],[Et Kalınlığı(mm)]]*3/1000*7.85*1.4/35,1) -> 2
A142: DN100 | B142: 90 Dirsek | C142: 114.3 | D142: 3 | E142: =(Tablo1[[#This Row],[Dış Çap(ømm)]]/$C$140)/$D$140*$E$140*Tablo1[[#This Row],[Et Kalınlığı(mm)]] -> 1.995 | F142: =_xlfn.CEILING.MATH(2*Tablo1[[#This Row],[Dış Çap(ømm)]]*3.14*Tablo1[[#This Row],[Et Kalınlığı(mm)]]*3/1000*7.85*1.4/20,1) -> 4 | G142: =_xlfn.CEILING.MATH(2*Tablo1[[#This Row],[Dış Çap(ømm)]]*3.14*Tablo1[[#This Row],[Et Kalınlığı(mm)]]*3/1000*7.85*1.4/35,1) -> 3
A143: DN100 | B143: 90 Dirsek | C143: 114.3 | D143: 3.6 | E143: =(Tablo1[[#This Row],[Dış Çap(ømm)]]/$C$140)/$D$140*$E$140*Tablo1[[#This Row],[Et Kalınlığı(mm)]] -> 2.394 | F143: =_xlfn.CEILING.MATH(2*Tablo1[[#This Row],[Dış Çap(ømm)]]*3.14*Tablo1[[#This Row],[Et Kalınlığı(mm)]]*3/1000*7.85*1.4/20,1) -> 5 | G143: =_xlfn.CEILING.MATH(2*Tablo1[[#This Row],[Dış Çap(ømm)]]*3.14*Tablo1[[#This Row],[Et Kalınlığı(mm)]]*3/1000*7.85*1.4/35,1) -> 3
A144: DN100 | B144: 90 Dirsek | C144: 114.3 | D144: 4 | E144: =(Tablo1[[#This Row],[Dış Çap(ømm)]]/$C$140)/$D$140*$E$140*Tablo1[[#This Row],[Et Kalınlığı(mm)]] -> 2.66 | F144: =_xlfn.CEILING.MATH(2*Tablo1[[#This Row],[Dış Çap(ømm)]]*3.14*Tablo1[[#This Row],[Et Kalınlığı(mm)]]*3/1000*7.85*1.4/20,1) -> 5 | G144: =_xlfn.CEILING.MATH(2*Tablo1[[#This Row],[Dış Çap(ømm)]]*3.14*Tablo1[[#This Row],[Et Kalınlığı(mm)]]*3/1000*7.85*1.4/35,1) -> 3
A145: DN125 | B145: 90 Dirsek | C145: 139.7 | D145: 2 | E145: =(Tablo1[[#This Row],[Dış Çap(ømm)]]/$C$140)/$D$140*$E$140*Tablo1[[#This Row],[Et Kalınlığı(mm)]] -> 1.6255556 | F145: =_xlfn.CEILING.MATH(2*Tablo1[[#This Row],[Dış Çap(ømm)]]*3.14*Tablo1[[#This Row],[Et Kalınlığı(mm)]]*3/1000*7.85*1.4/20,1) -> 3 | G145: =_xlfn.CEILING.MATH(2*Tablo1[[#This Row],[Dış Çap(ømm)]]*3.14*Tablo1[[#This Row],[Et Kalınlığı(mm)]]*3/1000*7.85*1.4/35,1) -> 2
A146: DN125 | B146: 90 Dirsek | C146: 139.7 | D146: 2.6 | E146: =(Tablo1[[#This Row],[Dış Çap(ømm)]]/$C$140)/$D$140*$E$140*Tablo1[[#This Row],[Et Kalınlığı(mm)]] -> 2.1132222 | F146: =_xlfn.CEILING.MATH(2*Tablo1[[#This Row],[Dış Çap(ømm)]]*3.14*Tablo1[[#This Row],[Et Kalınlığı(mm)]]*3/1000*7.85*1.4/20,1) -> 4 | G146: =_xlfn.CEILING.MATH(2*Tablo1[[#This Row],[Dış Çap(ømm)]]*3.14*Tablo1[[#This Row],[Et Kalınlığı(mm)]]*3/1000*7.85*1.4/35,1) -> 3
A147: DN125 | B147: 90 Dirsek | C147: 139.7 | D147: 3 | E147: =(Tablo1[[#This Row],[Dış Çap(ømm)]]/$C$140)/$D$140*$E$140*Tablo1[[#This Row],[Et Kalınlığı(mm)]] -> 2.4383333 | F147: =_xlfn.CEILING.MATH(2*Tablo1[[#This Row],[Dış Çap(ømm)]]*3.14*Tablo1[[#This Row],[Et Kalınlığı(mm)]]*3/1000*7.85*1.4/20,1) -> 5 | G147: =_xlfn.CEILING.MATH(2*Tablo1[[#This Row],[Dış Çap(ømm)]]*3.14*Tablo1[[#This Row],[Et Kalınlığı(mm)]]*3/1000*7.85*1.4/35,1) -> 3
A148: DN125 | B148: 90 Dirsek | C148: 139.7 | D148: 4 | E148: =(Tablo1[[#This Row],[Dış Çap(ømm)]]/$C$140)/$D$140*$E$140*Tablo1[[#This Row],[Et Kalınlığı(mm)]] -> 3.2511111 | F148: =_xlfn.CEILING.MATH(2*Tablo1[[#This Row],[Dış Çap(ømm)]]*3.14*Tablo1[[#This Row],[Et Kalınlığı(mm)]]*3/1000*7.85*1.4/20,1) -> 6 | G148: =_xlfn.CEILING.MATH(2*Tablo1[[#This Row],[Dış Çap(ømm)]]*3.14*Tablo1[[#This Row],[Et Kalınlığı(mm)]]*3/1000*7.85*1.4/35,1) -> 4
A149: DN150 | B149: 90 Dirsek | C149: 168.3 | D149: 2 | E149: =(Tablo1[[#This Row],[Dış Çap(ømm)]]/$C$140)/$D$140*$E$140*Tablo1[[#This Row],[Et Kalınlığı(mm)]] -> 1.9583465 | F149: =_xlfn.CEILING.MATH(2*Tablo1[[#This Row],[Dış Çap(ømm)]]*3.14*Tablo1[[#This Row],[Et Kalınlığı(mm)]]*3/1000*7.85*1.4/20,1) -> 4 | G149: =_xlfn.CEILING.MATH(2*Tablo1[[#This Row],[Dış Çap(ømm)]]*3.14*Tablo1[[#This Row],[Et Kalınlığı(mm)]]*3/1000*7.85*1.4/35,1) -> 2
A150: DN150 | B150: 90 Dirsek | C150: 168.3 | D150: 2.6 | E150: =(Tablo1[[#This Row],[Dış Çap(ømm)]]/$C$140)/$D$140*$E$140*Tablo1[[#This Row],[Et Kalınlığı(mm)]] -> 2.5458504 | F150: =_xlfn.CEILING.MATH(2*Tablo1[[#This Row],[Dış Çap(ømm)]]*3.14*Tablo1[[#This Row],[Et Kalınlığı(mm)]]*3/1000*7.85*1.4/20,1) -> 5 | G150: =_xlfn.CEILING.MATH(2*Tablo1[[#This Row],[Dış Çap(ømm)]]*3.14*Tablo1[[#This Row],[Et Kalınlığı(mm)]]*3/1000*7.85*1.4/35,1) -> 3
A151: DN150 | B151: 90 Dirsek | C151: 168.3 | D151: 3 | E151: =(Tablo1[[#This Row],[Dış Çap(ømm)]]/$C$140)/$D$140*$E$140*Tablo1[[#This Row],[Et Kalınlığı(mm)]] -> 2.9375197 | F151: =_xlfn.CEILING.MATH(2*Tablo1[[#This Row],[Dış Çap(ømm)]]*3.14*Tablo1[[#This Row],[Et Kalınlığı(mm)]]*3/1000*7.85*1.4/20,1) -> 6 | G151: =_xlfn.CEILING.MATH(2*Tablo1[[#This Row],[Dış Çap(ømm)]]*3.14*Tablo1[[#This Row],[Et Kalınlığı(mm)]]*3/1000*7.85*1.4/35,1) -> 3
A152: DN150 | B152: 90 Dirsek | C152: 168.3 | D152: 4 | E152: =(Tablo1[[#This Row],[Dış Çap(ømm)]]/$C$140)/$D$140*$E$140*Tablo1[[#This Row],[Et Kalınlığı(mm)]] -> 3.9166929 | F152: =_xlfn.CEILING.MATH(2*Tablo1[[#This Row],[Dış Çap(ømm)]]*3.14*Tablo1[[#This Row],[Et Kalınlığı(mm)]]*3/1000*7.85*1.4/20,1) -> 7 | G152: =_xlfn.CEILING.MATH(2*Tablo1[[#This Row],[Dış Çap(ømm)]]*3.14*Tablo1[[#This Row],[Et Kalınlığı(mm)]]*3/1000*7.85*1.4/35,1) -> 4
... A188: DN1000 | B188: 90 Dirsek | C188: 1016 | D188: 12.7 | E188: =(Tablo1[[#This Row],[Dış Çap(ømm)]]/$C$140)/$D$140*$E$140*Tablo1[[#This Row],[Et Kalınlığı(mm)]] -> 75.071111 | F188: =_xlfn.CEILING.MATH(2*Tablo1[[#This Row],[Dış Çap(ømm)]]*3.14*Tablo1[[#This Row],[Et Kalınlığı(mm)]]*3/1000*7.85*1.4/20,1) -> 134 | G188: =_xlfn.CEILING.MATH(2*Tablo1[[#This Row],[Dış Çap(ømm)]]*3.14*Tablo1[[#This Row],[Et Kalınlığı(mm)]]*3/1000*7.85*1.4/35,1) -> 77
A189: DN15 | B189: 45 Dirsek | C189: 21.3 | D189: 1.5 | E189: =Tablo1[[#This Row],[Dış Çap(ømm)]]/$C$140/$D$140*Tablo1[[#This Row],[Et Kalınlığı(mm)]]/2 -> 0.06988189 | F189: =_xlfn.CEILING.MATH(2*Tablo1[[#This Row],[Dış Çap(ømm)]]*3.14*Tablo1[[#This Row],[Et Kalınlığı(mm)]]*3/1000*7.85*1.4/20,1) -> 1 | G189: =_xlfn.CEILING.MATH(2*Tablo1[[#This Row],[Dış Çap(ømm)]]*3.14*Tablo1[[#This Row],[Et Kalınlığı(mm)]]*3/1000*7.85*1.4/35,1) -> 1
A190: DN15 | B190: 45 Dirsek | C190: 21.3 | D190: 1.6 | E190: =Tablo1[[#This Row],[Dış Çap(ømm)]]/$C$140/$D$140*Tablo1[[#This Row],[Et Kalınlığı(mm)]]/2 -> 0.074540682 | F190: =_xlfn.CEILING.MATH(2*Tablo1[[#This Row],[Dış Çap(ømm)]]*3.14*Tablo1[[#This Row],[Et Kalınlığı(mm)]]*3/1000*7.85*1.4/20,1) -> 1 | G190: =_xlfn.CEILING.MATH(2*Tablo1[[#This Row],[Dış Çap(ømm)]]*3.14*Tablo1[[#This Row],[Et Kalınlığı(mm)]]*3/1000*7.85*1.4/35,1) -> 1
A191: DN15 | B191: 45 Dirsek | C191: 21.3 | D191: 2 | E191: =Tablo1[[#This Row],[Dış Çap(ømm)]]/$C$140/$D$140*Tablo1[[#This Row],[Et Kalınlığı(mm)]]/2 -> 0.093175853 | F191: =_xlfn.CEILING.MATH(2*Tablo1[[#This Row],[Dış Çap(ømm)]]*3.14*Tablo1[[#This Row],[Et Kalınlığı(mm)]]*3/1000*7.85*1.4/20,1) -> 1 | G191: =_xlfn.CEILING.MATH(2*Tablo1[[#This Row],[Dış Çap(ømm)]]*3.14*Tablo1[[#This Row],[Et Kalınlığı(mm)]]*3/1000*7.85*1.4/35,1) -> 1
A192: DN15 | B192: 45 Dirsek | C192: 21.3 | D192: 2.5 | E192: =Tablo1[[#This Row],[Dış Çap(ømm)]]/$C$140/$D$140*Tablo1[[#This Row],[Et Kalınlığı(mm)]]/2 -> 0.11646982 | F192: =_xlfn.CEILING.MATH(2*Tablo1[[#This Row],[Dış Çap(ømm)]]*3.14*Tablo1[[#This Row],[Et Kalınlığı(mm)]]*3/1000*7.85*1.4/20,1) -> 1 | G192: =_xlfn.CEILING.MATH(2*Tablo1[[#This Row],[Dış Çap(ømm)]]*3.14*Tablo1[[#This Row],[Et Kalınlığı(mm)]]*3/1000*7.85*1.4/35,1) -> 1
A193: DN15 | B193: 45 Dirsek | C193: 21.3 | D193: 2.5 | E193: =Tablo1[[#This Row],[Dış Çap(ømm)]]/$C$140/$D$140*Tablo1[[#This Row],[Et Kalınlığı(mm)]]/2 -> 0.11646982 | F193: =_xlfn.CEILING.MATH(2*Tablo1[[#This Row],[Dış Çap(ømm)]]*3.14*Tablo1[[#This Row],[Et Kalınlığı(mm)]]*3/1000*7.85*1.4/20,1) -> 1 | G193: =_xlfn.CEILING.MATH(2*Tablo1[[#This Row],[Dış Çap(ømm)]]*3.14*Tablo1[[#This Row],[Et Kalınlığı(mm)]]*3/1000*7.85*1.4/35,1) -> 1
A194: DN15 | B194: 45 Dirsek | C194: 21.3 | D194: 2.6 | E194: =Tablo1[[#This Row],[Dış Çap(ømm)]]/$C$140/$D$140*Tablo1[[#This Row],[Et Kalınlığı(mm)]]/2 -> 0.12112861 | F194: =_xlfn.CEILING.MATH(2*Tablo1[[#This Row],[Dış Çap(ømm)]]*3.14*Tablo1[[#This Row],[Et Kalınlığı(mm)]]*3/1000*7.85*1.4/20,1) -> 1 | G194: =_xlfn.CEILING.MATH(2*Tablo1[[#This Row],[Dış Çap(ømm)]]*3.14*Tablo1[[#This Row],[Et Kalınlığı(mm)]]*3/1000*7.85*1.4/35,1) -> 1
A195: DN20 | B195: 45 Dirsek | C195: 25.4 | D195: 1.5 | E195: =Tablo1[[#This Row],[Dış Çap(ømm)]]/$C$140/$D$140*Tablo1[[#This Row],[Et Kalınlığı(mm)]]/2 -> 0.083333333 | F195: =_xlfn.CEILING.MATH(2*Tablo1[[#This Row],[Dış Çap(ømm)]]*3.14*Tablo1[[#This Row],[Et Kalınlığı(mm)]]*3/1000*7.85*1.4/20,1) -> 1 | G195: =_xlfn.CEILING.MATH(2*Tablo1[[#This Row],[Dış Çap(ømm)]]*3.14*Tablo1[[#This Row],[Et Kalınlığı(mm)]]*3/1000*7.85*1.4/35,1) -> 1
A196: DN20 | B196: 45 Dirsek | C196: 25.4 | D196: 1.6 | E196: =Tablo1[[#This Row],[Dış Çap(ømm)]]/$C$140/$D$140*Tablo1[[#This Row],[Et Kalınlığı(mm)]]/2 -> 0.088888889 | F196: =_xlfn.CEILING.MATH(2*Tablo1[[#This Row],[Dış Çap(ømm)]]*3.14*Tablo1[[#This Row],[Et Kalınlığı(mm)]]*3/1000*7.85*1.4/20,1) -> 1 | G196: =_xlfn.CEILING.MATH(2*Tablo1[[#This Row],[Dış Çap(ømm)]]*3.14*Tablo1[[#This Row],[Et Kalınlığı(mm)]]*3/1000*7.85*1.4/35,1) -> 1
A197: DN20 | B197: 45 Dirsek | C197: 25.4 | D197: 1.8 | E197: =Tablo1[[#This Row],[Dış Çap(ømm)]]/$C$140/$D$140*Tablo1[[#This Row],[Et Kalınlığı(mm)]]/2 -> 0.1 | F197: =_xlfn.CEILING.MATH(2*Tablo1[[#This Row],[Dış Çap(ømm)]]*3.14*Tablo1[[#This Row],[Et Kalınlığı(mm)]]*3/1000*7.85*1.4/20,1) -> 1 | G197: =_xlfn.CEILING.MATH(2*Tablo1[[#This Row],[Dış Çap(ømm)]]*3.14*Tablo1[[#This Row],[Et Kalınlığı(mm)]]*3/1000*7.85*1.4/35,1) -> 1
A198: DN20 | B198: 45 Dirsek | C198: 25.4 | D198: 2 | E198: =Tablo1[[#This Row],[Dış Çap(ømm)]]/$C$140/$D$140*Tablo1[[#This Row],[Et Kalınlığı(mm)]]/2 -> 0.11111111 | F198: =_xlfn.CEILING.MATH(2*Tablo1[[#This Row],[Dış Çap(ømm)]]*3.14*Tablo1[[#This Row],[Et Kalınlığı(mm)]]*3/1000*7.85*1.4/20,1) -> 1 | G198: =_xlfn.CEILING.MATH(2*Tablo1[[#This Row],[Dış Çap(ømm)]]*3.14*Tablo1[[#This Row],[Et Kalınlığı(mm)]]*3/1000*7.85*1.4/35,1) -> 1
A199: DN20 | B199: 45 Dirsek | C199: 25.4 | D199: 3 | E199: =Tablo1[[#This Row],[Dış Çap(ømm)]]/$C$140/$D$140*Tablo1[[#This Row],[Et Kalınlığı(mm)]]/2 -> 0.16666667 | F199: =_xlfn.CEILING.MATH(2*Tablo1[[#This Row],[Dış Çap(ømm)]]*3.14*Tablo1[[#This Row],[Et Kalınlığı(mm)]]*3/1000*7.85*1.4/20,1) -> 1 | G199: =_xlfn.CEILING.MATH(2*Tablo1[[#This Row],[Dış Çap(ømm)]]*3.14*Tablo1[[#This Row],[Et Kalınlığı(mm)]]*3/1000*7.85*1.4/35,1) -> 1
A200: DN25 | B200: 45 Dirsek | C200: 33.7 | D200: 1.5 | E200: =Tablo1[[#This Row],[Dış Çap(ømm)]]/$C$140/$D$140*Tablo1[[#This Row],[Et Kalınlığı(mm)]]/2 -> 0.1105643 | F200: =_xlfn.CEILING.MATH(2*Tablo1[[#This Row],[Dış Çap(ømm)]]*3.14*Tablo1[[#This Row],[Et Kalınlığı(mm)]]*3/1000*7.85*1.4/20,1) -> 1 | G200: =_xlfn.CEILING.MATH(2*Tablo1[[#This Row],[Dış Çap(ømm)]]*3.14*Tablo1[[#This Row],[Et Kalınlığı(mm)]]*3/1000*7.85*1.4/35,1) -> 1
... A281: DN1000 | B281: 45 Dirsek | C281: 1016 | D281: 12.7 | E281: =Tablo1[[#This Row],[Dış Çap(ømm)]]/$C$140/$D$140*Tablo1[[#This Row],[Et Kalınlığı(mm)]]/2 -> 28.222222 | F281: =_xlfn.CEILING.MATH(2*Tablo1[[#This Row],[Dış Çap(ømm)]]*3.14*Tablo1[[#This Row],[Et Kalınlığı(mm)]]*3/1000*7.85*1.4/20,1) -> 134 | G281: =_xlfn.CEILING.MATH(2*Tablo1[[#This Row],[Dış Çap(ømm)]]*3.14*Tablo1[[#This Row],[Et Kalınlığı(mm)]]*3/1000*7.85*1.4/35,1) -> 77

Sheet Paslanmaz Fittings
A1: Çap | B1: Cins | C1: Basınç Sınıfı | D1: kg/ad | E1: Civata Çapı | F1: n | G1: Kalınlık (mm)
A2: DN15 | B2: Flanş | C2: PN6 | D2: 0.4 | E2: M10 | F2: 4 | G2: 12
A3: DN15 | B3: Flanş | C3: PN10 | D3: 0.59 | E3: M12 | F3: 4 | G3: 14
A4: DN15 | B4: Flanş | C4: PN16 | D4: 0.67 | E4: M12 | F4: 4 | G4: 14
A5: DN20 | B5: Flanş | C5: PN6 | D5: 0.59 | E5: M10 | F5: 4 | G5: 14
A6: DN20 | B6: Flanş | C6: PN10 | D6: 1.05 | E6: M12 | F6: 4 | G6: 16
A7: DN20 | B7: Flanş | C7: PN16 | D7: 0.94 | E7: M12 | F7: 4 | G7: 16
A8: DN25 | B8: Flanş | C8: PN6 | D8: 0.72 | E8: M10 | F8: 4 | G8: 14
A9: DN25 | B9: Flanş | C9: PN10 | D9: 1.25 | E9: M12 | F9: 4 | G9: 16
A10: DN25 | B10: Flanş | C10: PN16 | D10: 1.11 | E10: M12 | F10: 4 | G10: 16
A11: DN32 | B11: Flanş | C11: PN6 | D11: 1.05 | E11: M12 | F11: 4 | G11: 16
A12: DN32 | B12: Flanş | C12: PN10 | D12: 1.83 | E12: M16 | F12: 4 | G12: 18
A13: DN32 | B13: Flanş | C13: PN16 | D13: 1.7 | E13: M16 | F13: 4 | G13: 18
... A73: DN1200 | B73: Flanş | C73: PN16 | D73: 184.43 | E73: M45 | F73: 32 | G73: 98

Sheet Vanalar
A1: Çap | B1: Cins | C1: Basınç Sınıfı | D1: kg/ad | E1: Civata Çapı | F1: n | G1: Vana Kalınlığı | H1: Cıvata Boyu
A2: DN100 | B2: Demontaj | C2: PN10 | D2: 21 | E2: M16 | F2: 8 | G2: 200
A3: DN100 | B3: Demontaj | C3: PN16 | D3: 21 | E3: M16 | F3: 8 | G3: 200
A4: DN125 | B4: Demontaj | C4: PN10 | D4: 24 | E4: M16 | F4: 8 | G4: 200
A5: DN125 | B5: Demontaj | C5: PN16 | D5: 24 | E5: M16 | F5: 8 | G5: 200
A6: DN150 | B6: Demontaj | C6: PN10 | D6: 35 | E6: M20 | F6: 8 | G6: 200
A7: DN150 | B7: Demontaj | C7: PN16 | D7: 35 | E7: M20 | F7: 8 | G7: 200
A8: DN200 | B8: Demontaj | C8: PN10 | D8: 49 | E8: M20 | F8: 8 | G8: 220
A9: DN200 | B9: Demontaj | C9: PN16 | D9: 52 | E9: M20 | F9: 12 | G9: 220
A10: DN250 | B10: Demontaj | C10: PN10 | D10: 64 | E10: M20 | F10: 12 | G10: 220
A11: DN250 | B11: Demontaj | C11: PN16 | D11: 76 | E11: M24 | F11: 12 | G11: 230
A12: DN300 | B12: Demontaj | C12: PN10 | D12: 73 | E12: M20 | F12: 12 | G12: 220
A13: DN300 | B13: Demontaj | C13: PN16 | D13: 93 | E13: M24 | F13: 12 | G13: 250
... A31: DN1000 | B31: Demontaj | C31: PN16 | D31: 719 | E31: M39 | F31: 28 | G31: 340
A33: DN100 | B33: Ağırlık Kollu Çekvalf | C33: PN10 | D33: 19 | E33: M16 | F33: 8 | G33: 190 | H33: {=CONCATENATE(E33,"x",(MROUND(INDEX('Paslanmaz Fittings'!$A$2:$G$73,MATCH(1,('Paslanmaz Fittings'!$A$2:$A$73=Vanalar!A33)*('Paslanmaz Fittings'!$C$2:$C$73=Vanalar!C33),0),7)*(3.14),10)),"mm",)} -> M16x80mm
A34: DN100 | B34: Ağırlık Kollu Çekvalf | C34: PN16 | D34: 17.8 | E34: M16 | F34: 8 | G34: 190 | H34: {=CONCATENATE(E34,"x",(MROUND(INDEX('Paslanmaz Fittings'!$A$2:$G$73,MATCH(1,('Paslanmaz Fittings'!$A$2:$A$73=Vanalar!A34)*('Paslanmaz Fittings'!$C$2:$C$73=Vanalar!C34),0),7)*(3.14),10)),"mm",)} -> M16x70mm
A35: DN125 | B35: Ağırlık Kollu Çekvalf | C35: PN10 | D35: 24 | E35: M16 | F35: 8 | G35: 200 | H35: {=CONCATENATE(E35,"x",(MROUND(INDEX('Paslanmaz Fittings'!$A$2:$G$73,MATCH(1,('Paslanmaz Fittings'!$A$2:$A$73=Vanalar!A35)*('Paslanmaz Fittings'!$C$2:$C$73=Vanalar!C35),0),7)*(3.14),10)),"mm",)} -> M16x90mm
A36: DN125 | B36: Ağırlık Kollu Çekvalf | C36: PN16 | D36: 24 | E36: M16 | F36: 8 | G36: 200 | H36: {=CONCATENATE(E36,"x",(MROUND(INDEX('Paslanmaz Fittings'!$A$2:$G$73,MATCH(1,('Paslanmaz Fittings'!$A$2:$A$73=Vanalar!A36)*('Paslanmaz Fittings'!$C$2:$C$73=Vanalar!C36),0),7)*(3.14),10)),"mm",)} -> M16x70mm
A37: DN150 | B37: Ağırlık Kollu Çekvalf | C37: PN10 | D37: 30 | E37: M20 | F37: 8 | G37: 210 | H37: {=CONCATENATE(E37,"x",(MROUND(INDEX('Paslanmaz Fittings'!$A$2:$G$73,MATCH(1,('Paslanmaz Fittings'!$A$2:$A$73=Vanalar!A37)*('Paslanmaz Fittings'!$C$2:$C$73=Vanalar!C37),0),7)*(3.14),10)),"mm",)} -> M20x90mm
A38: DN150 | B38: Ağırlık Kollu Çekvalf | C38: PN16 | D38: 30 | E38: M20 | F38: 8 | G38: 210 | H38: {=CONCATENATE(E38,"x",(MROUND(INDEX('Paslanmaz Fittings'!$A$2:$G$73,MATCH(1,('Paslanmaz Fittings'!$A$2:$A$73=Vanalar!A38)*('Paslanmaz Fittings'!$C$2:$C$73=Vanalar!C38),0),7)*(3.14),10)),"mm",)} -> M20x80mm
A39: DN200 | B39: Ağırlık Kollu Çekvalf | C39: PN10 | D39: 44 | E39: M20 | F39: 8 | G39: 230 | H39: {=CONCATENATE(E39,"x",(MROUND(INDEX('Paslanmaz Fittings'!$A$2:$G$73,MATCH(1,('Paslanmaz Fittings'!$A$2:$A$73=Vanalar!A39)*('Paslanmaz Fittings'!$C$2:$C$73=Vanalar!C39),0),7)*(3.14),10)),"mm",)} -> M20x100mm
A40: DN200 | B40: Ağırlık Kollu Çekvalf | C40: PN16 | D40: 45.2 | E40: M20 | F40: 12 | G40: 230 | H40: {=CONCATENATE(E40,"x",(MROUND(INDEX('Paslanmaz Fittings'!$A$2:$G$73,MATCH(1,('Paslanmaz Fittings'!$A$2:$A$73=Vanalar!A40)*('Paslanmaz Fittings'!$C$2:$C$73=Vanalar!C40),0),7)*(3.14),10)),"mm",)} -> M20x80mm
A41: DN250 | B41: Ağırlık Kollu Çekvalf | C41: PN10 | D41: 66.5 | E41: M20 | F41: 12 | G41: 250 | H41: {=CONCATENATE(E41,"x",(MROUND(INDEX('Paslanmaz Fittings'!$A$2:$G$73,MATCH(1,('Paslanmaz Fittings'!$A$2:$A$73=Vanalar!A41)*('Paslanmaz Fittings'!$C$2:$C$73=Vanalar!C41),0),7)*(3.14),10)),"mm",)} -> M20x110mm
A42: DN250 | B42: Ağırlık Kollu Çekvalf | C42: PN16 | D42: 65 | E42: M24 | F42: 12 | G42: 250 | H42: {=CONCATENATE(E42,"x",(MROUND(INDEX('Paslanmaz Fittings'!$A$2:$G$73,MATCH(1,('Paslanmaz Fittings'!$A$2:$A$73=Vanalar!A42)*('Paslanmaz Fittings'!$C$2:$C$73=Vanalar!C42),0),7)*(3.14),10)),"mm",)} -> M24x90mm
A43: DN300 | B43: Ağırlık Kollu Çekvalf | C43: PN10 | D43: 86 | E43: M20 | F43: 12 | G43: 270 | H43: {=CONCATENATE(E43,"x",(MROUND(INDEX('Paslanmaz Fittings'!$A$2:$G$73,MATCH(1,('Paslanmaz Fittings'!$A$2:$A$73=Vanalar!A43)*('Paslanmaz Fittings'!$C$2:$C$73=Vanalar!C43),0),7)*(3.14),10)),"mm",)} -> M20x120mm
A44: DN300 | B44: Ağırlık Kollu Çekvalf | C44: PN16 | D44: 86.2 | E44: M24 | F44: 12 | G44: 270 | H44: {=CONCATENATE(E44,"x",(MROUND(INDEX('Paslanmaz Fittings'!$A$2:$G$73,MATCH(1,('Paslanmaz Fittings'!$A$2:$A$73=Vanalar!A44)*('Paslanmaz Fittings'!$C$2:$C$73=Vanalar!C44),0),7)*(3.14),10)),"mm",)} -> M24x100mm
... A62: DN1000 | B62: Ağırlık Kollu Çekvalf | C62: PN16 | D62: 1200 | E62: M39 | F62: 28 | G62: 550 | H62: {=CONCATENATE(E62,"x",(MROUND(INDEX('Paslanmaz Fittings'!$A$2:$G$73,MATCH(1,('Paslanmaz Fittings'!$A$2:$A$73=Vanalar!A62)*('Paslanmaz Fittings'!$C$2:$C$73=Vanalar!C62),0),7)*(3.14),10)),"mm",)} -> M39x280mm
A64: DN50 | B64: Çalpara Çekvalf | C64: PN16 | E64: M16 | F64: 4 | G64: 200 | H64: {=CONCATENATE(E64,"x",(MROUND(INDEX('Paslanmaz Fittings'!$A$2:$G$73,MATCH(1,('Paslanmaz Fittings'!$A$2:$A$73=Vanalar!A64)*('Paslanmaz Fittings'!$C$2:$C$73=Vanalar!C64),0),7)*(3.14),10)),"mm",)} -> M16x60mm
A65: DN65 | B65: Çalpara Çekvalf | C65: PN16 | E65: M16 | F65: 4 | G65: 240 | H65: {=CONCATENATE(E65,"x",(MROUND(INDEX('Paslanmaz Fittings'!$A$2:$G$73,MATCH(1,('Paslanmaz Fittings'!$A$2:$A$73=Vanalar!A65)*('Paslanmaz Fittings'!$C$2:$C$73=Vanalar!C65),0),7)*(3.14),10)),"mm",)} -> M16x60mm
A66: DN80 | B66: Çalpara Çekvalf | C66: PN16 | E66: M16 | F66: 8 | G66: 260 | H66: {=CONCATENATE(E66,"x",(MROUND(INDEX('Paslanmaz Fittings'!$A$2:$G$73,MATCH(1,('Paslanmaz Fittings'!$A$2:$A$73=Vanalar!A66)*('Paslanmaz Fittings'!$C$2:$C$73=Vanalar!C66),0),7)*(3.14),10)),"mm",)} -> M16x60mm
A67: DN100 | B67: Çalpara Çekvalf | C67: PN16 | E67: M16 | F67: 8 | G67: 300 | H67: {=CONCATENATE(E67,"x",(MROUND(INDEX('Paslanmaz Fittings'!$A$2:$G$73,MATCH(1,('Paslanmaz Fittings'!$A$2:$A$73=Vanalar!A67)*('Paslanmaz Fittings'!$C$2:$C$73=Vanalar!C67),0),7)*(3.14),10)),"mm",)} -> M16x70mm
A68: DN125 | B68: Çalpara Çekvalf | C68: PN16 | E68: M16 | F68: 8 | G68: 350 | H68: {=CONCATENATE(E68,"x",(MROUND(INDEX('Paslanmaz Fittings'!$A$2:$G$73,MATCH(1,('Paslanmaz Fittings'!$A$2:$A$73=Vanalar!A68)*('Paslanmaz Fittings'!$C$2:$C$73=Vanalar!C68),0),7)*(3.14),10)),"mm",)} -> M16x70mm
A69: DN150 | B69: Çalpara Çekvalf | C69: PN16 | E69: M16 | F69: 8 | G69: 400 | H69: {=CONCATENATE(E69,"x",(MROUND(INDEX('Paslanmaz Fittings'!$A$2:$G$73,MATCH(1,('Paslanmaz Fittings'!$A$2:$A$73=Vanalar!A69)*('Paslanmaz Fittings'!$C$2:$C$73=Vanalar!C69),0),7)*(3.14),10)),"mm",)} -> M16x80mm
A70: DN200 | B70: Çalpara Çekvalf | C70: PN16 | E70: M20 | F70: 12 | G70: 500 | H70: {=CONCATENATE(E70,"x",(MROUND(INDEX('Paslanmaz Fittings'!$A$2:$G$73,MATCH(1,('Paslanmaz Fittings'!$A$2:$A$73=Vanalar!A70)*('Paslanmaz Fittings'!$C$2:$C$73=Vanalar!C70),0),7)*(3.14),10)),"mm",)} -> M20x80mm
A71: DN250 | B71: Çalpara Çekvalf | C71: PN16 | E71: M24 | F71: 12 | G71: 600 | H71: {=CONCATENATE(E71,"x",(MROUND(INDEX('Paslanmaz Fittings'!$A$2:$G$73,MATCH(1,('Paslanmaz Fittings'!$A$2:$A$73=Vanalar!A71)*('Paslanmaz Fittings'!$C$2:$C$73=Vanalar!C71),0),7)*(3.14),10)),"mm",)} -> M24x90mm
A72: DN300 | B72: Çalpara Çekvalf | C72: PN16 | E72: M24 | F72: 12 | G72: 700 | H72: {=CONCATENATE(E72,"x",(MROUND(INDEX('Paslanmaz Fittings'!$A$2:$G$73,MATCH(1,('Paslanmaz Fittings'!$A$2:$A$73=Vanalar!A72)*('Paslanmaz Fittings'!$C$2:$C$73=Vanalar!C72),0),7)*(3.14),10)),"mm",)} -> M24x100mm
A74: DN40 | B74: Wafer Kelebek Vana | C74: PN6 | D74: 2 | E74: M12 | F74: 4 | G74: 33 | H74: {=CONCATENATE(E74,"x",(MROUND(INDEX('Paslanmaz Fittings'!$A$2:$G$73,MATCH(1,('Paslanmaz Fittings'!$A$2:$A$73=Vanalar!A74)*('Paslanmaz Fittings'!$C$2:$C$73=Vanalar!C74),0),7)*(3.14),10)),"mm",)} -> M12x50mm
A75: DN40 | B75: Wafer Kelebek Vana | C75: PN10 | D75: 2 | E75: M16 | F75: 4 | G75: 33 | H75: {=CONCATENATE(E75,"x",(MROUND(INDEX('Paslanmaz Fittings'!$A$2:$G$73,MATCH(1,('Paslanmaz Fittings'!$A$2:$A$73=Vanalar!A75)*('Paslanmaz Fittings'!$C$2:$C$73=Vanalar!C75),0),7)*(3.14),10)),"mm",)} -> M16x60mm
A76: DN40 | B76: Wafer Kelebek Vana | C76: PN16 | D76: 2 | E76: M16 | F76: 4 | G76: 33 | H76: {=CONCATENATE(E76,"x",(MROUND(INDEX('Paslanmaz Fittings'!$A$2:$G$73,MATCH(1,('Paslanmaz Fittings'!$A$2:$A$73=Vanalar!A76)*('Paslanmaz Fittings'!$C$2:$C$73=Vanalar!C76),0),7)*(3.14),10)),"mm",)} -> M16x60mm
A77: DN50 | B77: Wafer Kelebek Vana | C77: PN6 | D77: 2.6 | E77: M12 | F77: 4 | G77: 43 | H77: {=CONCATENATE(E77,"x",(MROUND(INDEX('Paslanmaz Fittings'!$A$2:$G$73,MATCH(1,('Paslanmaz Fittings'!$A$2:$A$73=Vanalar!A77)*('Paslanmaz Fittings'!$C$2:$C$73=Vanalar!C77),0),7)*(3.14),10)),"mm",)} -> M12x50mm
A78: DN50 | B78: Wafer Kelebek Vana | C78: PN10 | D78: 2.6 | E78: M16 | F78: 4 | G78: 43 | H78: {=CONCATENATE(E78,"x",(MROUND(INDEX('Paslanmaz Fittings'!$A$2:$G$73,MATCH(1,('Paslanmaz Fittings'!$A$2:$A$73=Vanalar!A78)*('Paslanmaz Fittings'!$C$2:$C$73=Vanalar!C78),0),7)*(3.14),10)),"mm",)} -> M16x60mm
A79: DN50 | B79: Wafer Kelebek Vana | C79: PN16 | D79: 2.6 | E79: M16 | F79: 4 | G79: 43 | H79: {=CONCATENATE(E79,"x",(MROUND(INDEX('Paslanmaz Fittings'!$A$2:$G$73,MATCH(1,('Paslanmaz Fittings'!$A$2:$A$73=Vanalar!A79)*('Paslanmaz Fittings'!$C$2:$C$73=Vanalar!C79),0),7)*(3.14),10)),"mm",)} -> M16x60mm
A80: DN65 | B80: Wafer Kelebek Vana | C80: PN6 | D80: 3.2 | E80: M12 | F80: 4 | G80: 46 | H80: {=CONCATENATE(E80,"x",(MROUND(INDEX('Paslanmaz Fittings'!$A$2:$G$73,MATCH(1,('Paslanmaz Fittings'!$A$2:$A$73=Vanalar!A80)*('Paslanmaz Fittings'!$C$2:$C$73=Vanalar!C80),0),7)*(3.14),10)),"mm",)} -> M12x50mm
A81: DN65 | B81: Wafer Kelebek Vana | C81: PN10 | D81: 3.2 | E81: M16 | F81: 4 | G81: 46 | H81: {=CONCATENATE(E81,"x",(MROUND(INDEX('Paslanmaz Fittings'!$A$2:$G$73,MATCH(1,('Paslanmaz Fittings'!$A$2:$A$73=Vanalar!A81)*('Paslanmaz Fittings'!$C$2:$C$73=Vanalar!C81),0),7)*(3.14),10)),"mm",)} -> M16x70mm
A82: DN65 | B82: Wafer Kelebek Vana | C82: PN16 | D82: 3.2 | E82: M16 | F82: 4 | G82: 46 | H82: {=CONCATENATE(E82,"x",(MROUND(INDEX('Paslanmaz Fittings'!$A$2:$G$73,MATCH(1,('Paslanmaz Fittings'!$A$2:$A$73=Vanalar!A82)*('Paslanmaz Fittings'!$C$2:$C$73=Vanalar!C82),0),7)*(3.14),10)),"mm",)} -> M16x60mm
A83: DN80 | B83: Wafer Kelebek Vana | C83: PN6 | D83: 3.7 | E83: M16 | F83: 4 | G83: 46 | H83: {=CONCATENATE(E83,"x",(MROUND(INDEX('Paslanmaz Fittings'!$A$2:$G$73,MATCH(1,('Paslanmaz Fittings'!$A$2:$A$73=Vanalar!A83)*('Paslanmaz Fittings'!$C$2:$C$73=Vanalar!C83),0),7)*(3.14),10)),"mm",)} -> M16x60mm
A84: DN80 | B84: Wafer Kelebek Vana | C84: PN10 | D84: 3.7 | E84: M16 | F84: 8 | G84: 46 | H84: {=CONCATENATE(E84,"x",(MROUND(INDEX('Paslanmaz Fittings'!$A$2:$G$73,MATCH(1,('Paslanmaz Fittings'!$A$2:$A$73=Vanalar!A84)*('Paslanmaz Fittings'!$C$2:$C$73=Vanalar!C84),0),7)*(3.14),10)),"mm",)} -> M16x80mm
A85: DN80 | B85: Wafer Kelebek Vana | C85: PN16 | D85: 3.7 | E85: M16 | F85: 8 | G85: 46 | H85: {=CONCATENATE(E85,"x",(MROUND(INDEX('Paslanmaz Fittings'!$A$2:$G$73,MATCH(1,('Paslanmaz Fittings'!$A$2:$A$73=Vanalar!A85)*('Paslanmaz Fittings'!$C$2:$C$73=Vanalar!C85),0),7)*(3.14),10)),"mm",)} -> M16x60mm
... A118: DN600 | B118: Wafer Kelebek Vana | C118: PN16 | D118: 242 | E118: M33 | F118: 20 | G118: 154 | H118: {=CONCATENATE(E118,"x",(MROUND(INDEX('Paslanmaz Fittings'!$A$2:$G$73,MATCH(1,('Paslanmaz Fittings'!$A$2:$A$73=Vanalar!A118)*('Paslanmaz Fittings'!$C$2:$C$73=Vanalar!C118),0),7)*(3.14),10)),"mm",)} -> M33x160mm
A120: DN50 | B120: Bıçaklı Vana | C120: PN10 | D120: 7.1 | E120: M16 | F120: 4 | G120: 43 | H120: {=CONCATENATE(E120,"x",(MROUND(INDEX('Paslanmaz Fittings'!$A$2:$G$73,MATCH(1,('Paslanmaz Fittings'!$A$2:$A$73=Vanalar!A120)*('Paslanmaz Fittings'!$C$2:$C$73=Vanalar!C120),0),7)+(G120/3),10)),"mm",)} -> M16x30mm
A121: DN65 | B121: Bıçaklı Vana | C121: PN10 | D121: 7.9 | E121: M16 | F121: 4 | G121: 46 | H121: {=CONCATENATE(E121,"x",(MROUND(INDEX('Paslanmaz Fittings'!$A$2:$G$73,MATCH(1,('Paslanmaz Fittings'!$A$2:$A$73=Vanalar!A121)*('Paslanmaz Fittings'!$C$2:$C$73=Vanalar!C121),0),7)+(G121/3),10)),"mm",)} -> M16x40mm
A122: DN80 | B122: Bıçaklı Vana | C122: PN10 | D122: 10.7 | E122: M16 | F122: 8 | G122: 46 | H122: {=CONCATENATE(E122,"x",(MROUND(INDEX('Paslanmaz Fittings'!$A$2:$G$73,MATCH(1,('Paslanmaz Fittings'!$A$2:$A$73=Vanalar!A122)*('Paslanmaz Fittings'!$C$2:$C$73=Vanalar!C122),0),7)+(G122/3),10)),"mm",)} -> M16x40mm
A123: DN100 | B123: Bıçaklı Vana | C123: PN10 | D123: 12.8 | E123: M16 | F123: 8 | G123: 52 | H123: {=CONCATENATE(E123,"x",(MROUND(INDEX('Paslanmaz Fittings'!$A$2:$G$73,MATCH(1,('Paslanmaz Fittings'!$A$2:$A$73=Vanalar!A123)*('Paslanmaz Fittings'!$C$2:$C$73=Vanalar!C123),0),7)+(G123/3),10)),"mm",)} -> M16x40mm
A124: DN125 | B124: Bıçaklı Vana | C124: PN10 | D124: 14.8 | E124: M20 | F124: 8 | G124: 56 | H124: {=CONCATENATE(E124,"x",(MROUND(INDEX('Paslanmaz Fittings'!$A$2:$G$73,MATCH(1,('Paslanmaz Fittings'!$A$2:$A$73=Vanalar!A124)*('Paslanmaz Fittings'!$C$2:$C$73=Vanalar!C124),0),7)+(G124/3),10)),"mm",)} -> M20x50mm
A125: DN150 | B125: Bıçaklı Vana | C125: PN10 | D125: 21.2 | E125: M20 | F125: 8 | G125: 56 | H125: {=CONCATENATE(E125,"x",(MROUND(INDEX('Paslanmaz Fittings'!$A$2:$G$73,MATCH(1,('Paslanmaz Fittings'!$A$2:$A$73=Vanalar!A125)*('Paslanmaz Fittings'!$C$2:$C$73=Vanalar!C125),0),7)+(G125/3),10)),"mm",)} -> M20x50mm
A126: DN200 | B126: Bıçaklı Vana | C126: PN10 | D126: 29.3 | E126: M20 | F126: 8 | G126: 60 | H126: {=CONCATENATE(E126,"x",(MROUND(INDEX('Paslanmaz Fittings'!$A$2:$G$73,MATCH(1,('Paslanmaz Fittings'!$A$2:$A$73=Vanalar!A126)*('Paslanmaz Fittings'!$C$2:$C$73=Vanalar!C126),0),7)+(G126/3),10)),"mm",)} -> M20x50mm
A127: DN250 | B127: Bıçaklı Vana | C127: PN10 | D127: 46.9 | E127: M24 | F127: 12 | G127: 68 | H127: {=CONCATENATE(E127,"x",(MROUND(INDEX('Paslanmaz Fittings'!$A$2:$G$73,MATCH(1,('Paslanmaz Fittings'!$A$2:$A$73=Vanalar!A127)*('Paslanmaz Fittings'!$C$2:$C$73=Vanalar!C127),0),7)+(G127/3),10)),"mm",)} -> M24x60mm
A128: DN300 | B128: Bıçaklı Vana | C128: PN10 | D128: 65 | E128: M24 | F128: 12 | G128: 78 | H128: {=CONCATENATE(E128,"x",(MROUND(INDEX('Paslanmaz Fittings'!$A$2:$G$73,MATCH(1,('Paslanmaz Fittings'!$A$2:$A$73=Vanalar!A128)*('Paslanmaz Fittings'!$C$2:$C$73=Vanalar!C128),0),7)+(G128/3),10)),"mm",)} -> M24x60mm
A129: DN350 | B129: Bıçaklı Vana | C129: PN10 | D129: 96.5 | E129: M27 | F129: 16 | G129: 78 | H129: {=CONCATENATE(E129,"x",(MROUND(INDEX('Paslanmaz Fittings'!$A$2:$G$73,MATCH(1,('Paslanmaz Fittings'!$A$2:$A$73=Vanalar!A129)*('Paslanmaz Fittings'!$C$2:$C$73=Vanalar!C129),0),7)+(G129/3),10)),"mm",)} -> M27x70mm
A130: DN400 | B130: Bıçaklı Vana | C130: PN10 | D130: 128 | E130: M30 | F130: 16 | G130: 102 | H130: {=CONCATENATE(E130,"x",(MROUND(INDEX('Paslanmaz Fittings'!$A$2:$G$73,MATCH(1,('Paslanmaz Fittings'!$A$2:$A$73=Vanalar!A130)*('Paslanmaz Fittings'!$C$2:$C$73=Vanalar!C130),0),7)+(G130/3),10)),"mm",)} -> M30x80mm
A131: DN450 | B131: Bıçaklı Vana | C131: PN6 | D131: 230 | E131: M30 | F131: 20 | G131: 106 | H131: {=CONCATENATE(E131,"x",(MROUND(INDEX('Paslanmaz Fittings'!$A$2:$G$73,MATCH(1,('Paslanmaz Fittings'!$A$2:$A$73=Vanalar!A131)*('Paslanmaz Fittings'!$C$2:$C$73=Vanalar!C131),0),7)+(G131/3),10)),"mm",)} -> M30x70mm
... A133: DN600 | B133: Bıçaklı Vana | C133: PN6 | D133: 250 | E133: M33 | F133: 20 | G133: 110 | H133: {=CONCATENATE(E133,"x",(MROUND(INDEX('Paslanmaz Fittings'!$A$2:$G$73,MATCH(1,('Paslanmaz Fittings'!$A$2:$A$73=Vanalar!A133)*('Paslanmaz Fittings'!$C$2:$C$73=Vanalar!C133),0),7)+(G133/3),10)),"mm",)} -> M33x70mm
A135: DN40 | B135: Sürgülü Vana | C135: PN10 | D135: 8.4 | E135: M16 | F135: 4 | G135: 140 | H135: {=CONCATENATE(E135,"x",(MROUND(INDEX('Paslanmaz Fittings'!$A$2:$G$73,MATCH(1,('Paslanmaz Fittings'!$A$2:$A$73=Vanalar!A135)*('Paslanmaz Fittings'!$C$2:$C$73=Vanalar!C135),0),7)*(3.14),10)),"mm",)} -> M16x60mm
A136: DN40 | B136: Sürgülü Vana | C136: PN16 | D136: 8.4 | E136: M16 | F136: 4 | G136: 140 | H136: {=CONCATENATE(E136,"x",(MROUND(INDEX('Paslanmaz Fittings'!$A$2:$G$73,MATCH(1,('Paslanmaz Fittings'!$A$2:$A$73=Vanalar!A136)*('Paslanmaz Fittings'!$C$2:$C$73=Vanalar!C136),0),7)*(3.14),10)),"mm",)} -> M16x60mm
A137: DN50 | B137: Sürgülü Vana | C137: PN10 | D137: 8.6 | E137: M16 | F137: 4 | G137: 150 | H137: {=CONCATENATE(E137,"x",(MROUND(INDEX('Paslanmaz Fittings'!$A$2:$G$73,MATCH(1,('Paslanmaz Fittings'!$A$2:$A$73=Vanalar!A137)*('Paslanmaz Fittings'!$C$2:$C$73=Vanalar!C137),0),7)*(3.14),10)),"mm",)} -> M16x60mm
A138: DN50 | B138: Sürgülü Vana | C138: PN16 | D138: 8.6 | E138: M16 | F138: 4 | G138: 150 | H138: {=CONCATENATE(E138,"x",(MROUND(INDEX('Paslanmaz Fittings'!$A$2:$G$73,MATCH(1,('Paslanmaz Fittings'!$A$2:$A$73=Vanalar!A138)*('Paslanmaz Fittings'!$C$2:$C$73=Vanalar!C138),0),7)*(3.14),10)),"mm",)} -> M16x60mm
A139: DN65 | B139: Sürgülü Vana | C139: PN10 | D139: 11.5 | E139: M16 | F139: 4 | G139: 170 | H139: {=CONCATENATE(E139,"x",(MROUND(INDEX('Paslanmaz Fittings'!$A$2:$G$73,MATCH(1,('Paslanmaz Fittings'!$A$2:$A$73=Vanalar!A139)*('Paslanmaz Fittings'!$C$2:$C$73=Vanalar!C139),0),7)*(3.14),10)),"mm",)} -> M16x70mm
A140: DN65 | B140: Sürgülü Vana | C140: PN16 | D140: 11.5 | E140: M16 | F140: 4 | G140: 170 | H140: {=CONCATENATE(E140,"x",(MROUND(INDEX('Paslanmaz Fittings'!$A$2:$G$73,MATCH(1,('Paslanmaz Fittings'!$A$2:$A$73=Vanalar!A140)*('Paslanmaz Fittings'!$C$2:$C$73=Vanalar!C140),0),7)*(3.14),10)),"mm",)} -> M16x60mm
A141: DN80 | B141: Sürgülü Vana | C141: PN10 | D141: 13.5 | E141: M16 | F141: 8 | G141: 180 | H141: {=CONCATENATE(E141,"x",(MROUND(INDEX('Paslanmaz Fittings'!$A$2:$G$73,MATCH(1,('Paslanmaz Fittings'!$A$2:$A$73=Vanalar!A141)*('Paslanmaz Fittings'!$C$2:$C$73=Vanalar!C141),0),7)*(3.14),10)),"mm",)} -> M16x80mm
A142: DN80 | B142: Sürgülü Vana | C142: PN16 | D142: 13.5 | E142: M16 | F142: 8 | G142: 180 | H142: {=CONCATENATE(E142,"x",(MROUND(INDEX('Paslanmaz Fittings'!$A$2:$G$73,MATCH(1,('Paslanmaz Fittings'!$A$2:$A$73=Vanalar!A142)*('Paslanmaz Fittings'!$C$2:$C$73=Vanalar!C142),0),7)*(3.14),10)),"mm",)} -> M16x60mm
A143: DN100 | B143: Sürgülü Vana | C143: PN10 | D143: 18.5 | E143: M16 | F143: 8 | G143: 190 | H143: {=CONCATENATE(E143,"x",(MROUND(INDEX('Paslanmaz Fittings'!$A$2:$G$73,MATCH(1,('Paslanmaz Fittings'!$A$2:$A$73=Vanalar!A143)*('Paslanmaz Fittings'!$C$2:$C$73=Vanalar!C143),0),7)*(3.14),10)),"mm",)} -> M16x80mm
A144: DN100 | B144: Sürgülü Vana | C144: PN16 | D144: 18.5 | E144: M16 | F144: 8 | G144: 190 | H144: {=CONCATENATE(E144,"x",(MROUND(INDEX('Paslanmaz Fittings'!$A$2:$G$73,MATCH(1,('Paslanmaz Fittings'!$A$2:$A$73=Vanalar!A144)*('Paslanmaz Fittings'!$C$2:$C$73=Vanalar!C144),0),7)*(3.14),10)),"mm",)} -> M16x70mm
A145: DN125 | B145: Sürgülü Vana | C145: PN10 | D145: 24.1 | E145: M16 | F145: 8 | G145: 200 | H145: {=CONCATENATE(E145,"x",(MROUND(INDEX('Paslanmaz Fittings'!$A$2:$G$73,MATCH(1,('Paslanmaz Fittings'!$A$2:$A$73=Vanalar!A145)*('Paslanmaz Fittings'!$C$2:$C$73=Vanalar!C145),0),7)*(3.14),10)),"mm",)} -> M16x90mm
A146: DN125 | B146: Sürgülü Vana | C146: PN16 | D146: 24.1 | E146: M16 | F146: 8 | G146: 200 | H146: {=CONCATENATE(E146,"x",(MROUND(INDEX('Paslanmaz Fittings'!$A$2:$G$73,MATCH(1,('Paslanmaz Fittings'!$A$2:$A$73=Vanalar!A146)*('Paslanmaz Fittings'!$C$2:$C$73=Vanalar!C146),0),7)*(3.14),10)),"mm",)} -> M16x70mm
... A162: DN600 | B162: Sürgülü Vana | C162: PN16 | D162: 620 | E162: M33 | F162: 20 | G162: 390 | H162: {=CONCATENATE(E162,"x",(MROUND(INDEX('Paslanmaz Fittings'!$A$2:$G$73,MATCH(1,('Paslanmaz Fittings'!$A$2:$A$73=Vanalar!A162)*('Paslanmaz Fittings'!$C$2:$C$73=Vanalar!C162),0),7)*(3.14),10)),"mm",)} -> M33x160mm
A164: DN40 | B164: Lug Kelebek Vana | C164: PN16 | D164: 2.5 | E164: M16 | F164: 4 | G164: 33 | H164: {=CONCATENATE(E164,"x",(MROUND(INDEX('Paslanmaz Fittings'!$A$2:$G$73,MATCH(1,('Paslanmaz Fittings'!$A$2:$A$73=Vanalar!A164)*('Paslanmaz Fittings'!$C$2:$C$73=Vanalar!C164),0),7)+(G164/3),10)),"mm",)} -> M16x30mm
A165: DN50 | B165: Lug Kelebek Vana | C165: PN16 | D165: 3.2 | E165: M16 | F165: 4 | G165: 43 | H165: {=CONCATENATE(E165,"x",(MROUND(INDEX('Paslanmaz Fittings'!$A$2:$G$73,MATCH(1,('Paslanmaz Fittings'!$A$2:$A$73=Vanalar!A165)*('Paslanmaz Fittings'!$C$2:$C$73=Vanalar!C165),0),7)+(G165/3),10)),"mm",)} -> M16x30mm
A166: DN65 | B166: Lug Kelebek Vana | C166: PN16 | D166: 3.7 | E166: M16 | F166: 4 | G166: 46 | H166: {=CONCATENATE(E166,"x",(MROUND(INDEX('Paslanmaz Fittings'!$A$2:$G$73,MATCH(1,('Paslanmaz Fittings'!$A$2:$A$73=Vanalar!A166)*('Paslanmaz Fittings'!$C$2:$C$73=Vanalar!C166),0),7)+(G166/3),10)),"mm",)} -> M16x40mm
A167: DN80 | B167: Lug Kelebek Vana | C167: PN16 | D167: 5.1 | E167: M16 | F167: 8 | G167: 46 | H167: {=CONCATENATE(E167,"x",(MROUND(INDEX('Paslanmaz Fittings'!$A$2:$G$73,MATCH(1,('Paslanmaz Fittings'!$A$2:$A$73=Vanalar!A167)*('Paslanmaz Fittings'!$C$2:$C$73=Vanalar!C167),0),7)+(G167/3),10)),"mm",)} -> M16x40mm
A168: DN100 | B168: Lug Kelebek Vana | C168: PN16 | D168: 7.2 | E168: M16 | F168: 8 | G168: 52 | H168: {=CONCATENATE(E168,"x",(MROUND(INDEX('Paslanmaz Fittings'!$A$2:$G$73,MATCH(1,('Paslanmaz Fittings'!$A$2:$A$73=Vanalar!A168)*('Paslanmaz Fittings'!$C$2:$C$73=Vanalar!C168),0),7)+(G168/3),10)),"mm",)} -> M16x40mm
A169: DN125 | B169: Lug Kelebek Vana | C169: PN16 | D169: 8.8 | E169: M16 | F169: 8 | G169: 56 | H169: {=CONCATENATE(E169,"x",(MROUND(INDEX('Paslanmaz Fittings'!$A$2:$G$73,MATCH(1,('Paslanmaz Fittings'!$A$2:$A$73=Vanalar!A169)*('Paslanmaz Fittings'!$C$2:$C$73=Vanalar!C169),0),7)+(G169/3),10)),"mm",)} -> M16x40mm
A170: DN150 | B170: Lug Kelebek Vana | C170: PN16 | D170: 10.6 | E170: M20 | F170: 8 | G170: 56 | H170: {=CONCATENATE(E170,"x",(MROUND(INDEX('Paslanmaz Fittings'!$A$2:$G$73,MATCH(1,('Paslanmaz Fittings'!$A$2:$A$73=Vanalar!A170)*('Paslanmaz Fittings'!$C$2:$C$73=Vanalar!C170),0),7)+(G170/3),10)),"mm",)} -> M20x40mm
A171: DN200 | B171: Lug Kelebek Vana | C171: PN16 | D171: 18 | E171: M20 | F171: 12 | G171: 60 | H171: {=CONCATENATE(E171,"x",(MROUND(INDEX('Paslanmaz Fittings'!$A$2:$G$73,MATCH(1,('Paslanmaz Fittings'!$A$2:$A$73=Vanalar!A171)*('Paslanmaz Fittings'!$C$2:$C$73=Vanalar!C171),0),7)+(G171/3),10)),"mm",)} -> M20x50mm
A172: DN250 | B172: Lug Kelebek Vana | C172: PN16 | D172: 26.5 | E172: M24 | F172: 12 | G172: 68 | H172: {=CONCATENATE(E172,"x",(MROUND(INDEX('Paslanmaz Fittings'!$A$2:$G$73,MATCH(1,('Paslanmaz Fittings'!$A$2:$A$73=Vanalar!A172)*('Paslanmaz Fittings'!$C$2:$C$73=Vanalar!C172),0),7)+(G172/3),10)),"mm",)} -> M24x50mm
A173: DN300 | B173: Lug Kelebek Vana | C173: PN16 | D173: 39.9 | E173: M24 | F173: 12 | G173: 78 | H173: {=CONCATENATE(E173,"x",(MROUND(INDEX('Paslanmaz Fittings'!$A$2:$G$73,MATCH(1,('Paslanmaz Fittings'!$A$2:$A$73=Vanalar!A173)*('Paslanmaz Fittings'!$C$2:$C$73=Vanalar!C173),0),7)+(G173/3),10)),"mm",)} -> M24x60mm
A174: DN350 | B174: Lug Kelebek Vana | C174: PN16 | D174: 72 | E174: M27 | F174: 16 | G174: 78 | H174: {=CONCATENATE(E174,"x",(MROUND(INDEX('Paslanmaz Fittings'!$A$2:$G$73,MATCH(1,('Paslanmaz Fittings'!$A$2:$A$73=Vanalar!A174)*('Paslanmaz Fittings'!$C$2:$C$73=Vanalar!C174),0),7)+(G174/3),10)),"mm",)} -> M27x60mm
A175: DN400 | B175: Lug Kelebek Vana | C175: PN16 | D175: 112 | E175: M27 | F175: 16 | G175: 102 | H175: {=CONCATENATE(E175,"x",(MROUND(INDEX('Paslanmaz Fittings'!$A$2:$G$73,MATCH(1,('Paslanmaz Fittings'!$A$2:$A$73=Vanalar!A175)*('Paslanmaz Fittings'!$C$2:$C$73=Vanalar!C175),0),7)+(G175/3),10)),"mm",)} -> M27x70mm
... A178: DN600 | B178: Lug Kelebek Vana | C178: PN16 | D178: 237 | E178: M27 | F178: 20 | G178: 154 | H178: {=CONCATENATE(E178,"x",(MROUND(INDEX('Paslanmaz Fittings'!$A$2:$G$73,MATCH(1,('Paslanmaz Fittings'!$A$2:$A$73=Vanalar!A178)*('Paslanmaz Fittings'!$C$2:$C$73=Vanalar!C178),0),7)+(G178/3),10)),"mm",)} -> M27x100mm
A180: DN100 | B180: Çift Flanşlı Kelebek Vana | C180: PN10 | D180: 20 | E180: M16 | F180: 8 | G180: 190 | H180: {=CONCATENATE(E180,"x",(MROUND(INDEX('Paslanmaz Fittings'!$A$2:$G$73,MATCH(1,('Paslanmaz Fittings'!$A$2:$A$73=Vanalar!A180)*('Paslanmaz Fittings'!$C$2:$C$73=Vanalar!C180),0),7)*(3.14),10)),"mm",)} -> M16x80mm
A181: DN100 | B181: Çift Flanşlı Kelebek Vana | C181: PN16 | D181: 20 | E181: M16 | F181: 8 | G181: 190 | H181: {=CONCATENATE(E181,"x",(MROUND(INDEX('Paslanmaz Fittings'!$A$2:$G$73,MATCH(1,('Paslanmaz Fittings'!$A$2:$A$73=Vanalar!A181)*('Paslanmaz Fittings'!$C$2:$C$73=Vanalar!C181),0),7)*(3.14),10)),"mm",)} -> M16x70mm
A182: DN150 | B182: Çift Flanşlı Kelebek Vana | C182: PN10 | D182: 31.4 | E182: M20 | F182: 8 | G182: 210 | H182: {=CONCATENATE(E182,"x",(MROUND(INDEX('Paslanmaz Fittings'!$A$2:$G$73,MATCH(1,('Paslanmaz Fittings'!$A$2:$A$73=Vanalar!A182)*('Paslanmaz Fittings'!$C$2:$C$73=Vanalar!C182),0),7)*(3.14),10)),"mm",)} -> M20x90mm
A183: DN150 | B183: Çift Flanşlı Kelebek Vana | C183: PN16 | D183: 31.4 | E183: M20 | F183: 8 | G183: 210 | H183: {=CONCATENATE(E183,"x",(MROUND(INDEX('Paslanmaz Fittings'!$A$2:$G$73,MATCH(1,('Paslanmaz Fittings'!$A$2:$A$73=Vanalar!A183)*('Paslanmaz Fittings'!$C$2:$C$73=Vanalar!C183),0),7)*(3.14),10)),"mm",)} -> M20x80mm
A184: DN200 | B184: Çift Flanşlı Kelebek Vana | C184: PN10 | D184: 43.8 | E184: M20 | F184: 8 | G184: 230 | H184: {=CONCATENATE(E184,"x",(MROUND(INDEX('Paslanmaz Fittings'!$A$2:$G$73,MATCH(1,('Paslanmaz Fittings'!$A$2:$A$73=Vanalar!A184)*('Paslanmaz Fittings'!$C$2:$C$73=Vanalar!C184),0),7)*(3.14),10)),"mm",)} -> M20x100mm
A185: DN200 | B185: Çift Flanşlı Kelebek Vana | C185: PN16 | D185: 43.8 | E185: M20 | F185: 12 | G185: 230 | H185: {=CONCATENATE(E185,"x",(MROUND(INDEX('Paslanmaz Fittings'!$A$2:$G$73,MATCH(1,('Paslanmaz Fittings'!$A$2:$A$73=Vanalar!A185)*('Paslanmaz Fittings'!$C$2:$C$73=Vanalar!C185),0),7)*(3.14),10)),"mm",)} -> M20x80mm
A186: DN250 | B186: Çift Flanşlı Kelebek Vana | C186: PN10 | D186: 64.5 | E186: M20 | F186: 12 | G186: 250 | H186: {=CONCATENATE(E186,"x",(MROUND(INDEX('Paslanmaz Fittings'!$A$2:$G$73,MATCH(1,('Paslanmaz Fittings'!$A$2:$A$73=Vanalar!A186)*('Paslanmaz Fittings'!$C$2:$C$73=Vanalar!C186),0),7)*(3.14),10)),"mm",)} -> M20x110mm
A187: DN250 | B187: Çift Flanşlı Kelebek Vana | C187: PN16 | D187: 66.1 | E187: M24 | F187: 12 | G187: 250 | H187: {=CONCATENATE(E187,"x",(MROUND(INDEX('Paslanmaz Fittings'!$A$2:$G$73,MATCH(1,('Paslanmaz Fittings'!$A$2:$A$73=Vanalar!A187)*('Paslanmaz Fittings'!$C$2:$C$73=Vanalar!C187),0),7)*(3.14),10)),"mm",)} -> M24x90mm
A188: DN300 | B188: Çift Flanşlı Kelebek Vana | C188: PN10 | D188: 88.5 | E188: M20 | F188: 12 | G188: 270 | H188: {=CONCATENATE(E188,"x",(MROUND(INDEX('Paslanmaz Fittings'!$A$2:$G$73,MATCH(1,('Paslanmaz Fittings'!$A$2:$A$73=Vanalar!A188)*('Paslanmaz Fittings'!$C$2:$C$73=Vanalar!C188),0),7)*(3.14),10)),"mm",)} -> M20x120mm
A189: DN300 | B189: Çift Flanşlı Kelebek Vana | C189: PN16 | D189: 88 | E189: M24 | F189: 12 | G189: 270 | H189: {=CONCATENATE(E189,"x",(MROUND(INDEX('Paslanmaz Fittings'!$A$2:$G$73,MATCH(1,('Paslanmaz Fittings'!$A$2:$A$73=Vanalar!A189)*('Paslanmaz Fittings'!$C$2:$C$73=Vanalar!C189),0),7)*(3.14),10)),"mm",)} -> M24x100mm
A190: DN350 | B190: Çift Flanşlı Kelebek Vana | C190: PN10 | D190: 124.1 | E190: M20 | F190: 16 | G190: 290 | H190: {=CONCATENATE(E190,"x",(MROUND(INDEX('Paslanmaz Fittings'!$A$2:$G$73,MATCH(1,('Paslanmaz Fittings'!$A$2:$A$73=Vanalar!A190)*('Paslanmaz Fittings'!$C$2:$C$73=Vanalar!C190),0),7)*(3.14),10)),"mm",)} -> M20x130mm
A191: DN350 | B191: Çift Flanşlı Kelebek Vana | C191: PN16 | D191: 140 | E191: M24 | F191: 16 | G191: 290 | H191: {=CONCATENATE(E191,"x",(MROUND(INDEX('Paslanmaz Fittings'!$A$2:$G$73,MATCH(1,('Paslanmaz Fittings'!$A$2:$A$73=Vanalar!A191)*('Paslanmaz Fittings'!$C$2:$C$73=Vanalar!C191),0),7)*(3.14),10)),"mm",)} -> M24x110mm
...
